<rdf:RDF
    xmlns:rdf="http://www.w3.org/1999/02/22-rdf-syntax-ns#"
    xmlns:admin="http://webns.net/mvcb/"
    xmlns:rdfs="http://www.w3.org/2000/01/rdf-schema#"
    xmlns:foaf="http://xmlns.com/foaf/0.1/">
  <foaf:PersonalProfileDocument rdf:about="http://www.w3.org/1999/02/22-rdf-syntax-ns/">
    <foaf:maker>
      <foaf:Person rdf:about="http://www.w3.org/1999/02/22-rdf-syntax-ns/#me">
        <foaf:name>Ram Anand Vutukuru</foaf:name>
        <foaf:title>Mr</foaf:title>
        <foaf:givenname>Ram Anand</foaf:givenname>
        <foaf:family_name>Vutukuru</foaf:family_name>
        <foaf:nick>Andy</foaf:nick>
        <foaf:mbox rdf:resource="mailto:anand.gilchrist49@gmail.com"/>
        <foaf:homepage rdf:resource="http://www.utdallas.edu"/>
        <foaf:depiction rdf:resource="http://www.w3.org/1999/02/22-rdf-syntax-ns/IamTheImp.jpg"/>
        <foaf:phone rdf:resource="tel:0987654321"/>
        <foaf:workplaceHomepage rdf:resource="http://elearning.utdallas.edu"/>
        <foaf:workInfoHomepage rdf:resource="http://cs.utdallas.edu"/>
        <foaf:schoolHomepage rdf:resource="http://www.utdallas.edu"/>
        <foaf:knows>
          <foaf:Person>
            <foaf:name>Himi</foaf:name>
            <foaf:mbox rdf:resource="mailto:rxv162130@utdallas.edu"/>
            <rdfs:seeAlso rdf:resource="https://www.youtube.com"/>
          </foaf:Person>
        </foaf:knows>
        <foaf:knows>
          <foaf:Person>
            <foaf:name>Bonnie Wright</foaf:name>
            <foaf:mbox rdf:resource="mailto:bonnie@gmail.com"/>
            <rdfs:seeAlso rdf:resource="http://jena.apache.org/documentation/javadoc/arq/org/apache/jena/query/Dataset.html"/>
          </foaf:Person>
        </foaf:knows>
        <foaf:knows>
          <foaf:Person>
            <foaf:name>Ariel Winter</foaf:name>
            <foaf:mbox rdf:resource="mailto:ariel@outlook.com"/>
            <rdfs:seeAlso rdf:resource="https://jena.apache.org/documentation/tdb/datasets.html"/>
          </foaf:Person>
        </foaf:knows>
      </foaf:Person>
    </foaf:maker>
    <foaf:primaryTopic rdf:resource="http://www.w3.org/1999/02/22-rdf-syntax-ns/#me"/>
    <admin:generatorAgent rdf:resource="http://www.ldodds.com/foaf/foaf-a-matic"/>
    <admin:errorReportsTo rdf:resource="mailto:leigh@ldodds.com"/>
  </foaf:PersonalProfileDocument>
</rdf:RDF>
